665b42,93.159.145.162,GET,http://v-ie.uek.krakow.pl/~s118000/app_dev.php/,1419015126,
1a8af5,93.159.145.162,GET,http://v-ie.uek.krakow.pl/~s118000/app_dev.php/,1419015127,
3d851e,93.159.145.162,GET,http://v-ie.uek.krakow.pl/~s118000/app_dev.php/,1419015413,
0329cd,93.159.145.162,GET,http://v-ie.uek.krakow.pl/~s118000/app_dev.php/,1419015540,
fb9e60,93.159.145.162,GET,http://v-ie.uek.krakow.pl/~s118000/app_dev.php/,1419015551,
9caee3,93.159.145.162,GET,http://v-ie.uek.krakow.pl/~s118000/app_dev.php/,1419015573,
6401f3,93.159.145.162,GET,http://v-ie.uek.krakow.pl/~s118000/app_dev.php/,1419015593,
b420ce,93.159.145.162,GET,http://v-ie.uek.krakow.pl/~s118000/app_dev.php/,1419015660,
9dad9c,93.159.145.162,GET,http://v-ie.uek.krakow.pl/~s118000/app_dev.php/,1419015824,
ec6fdf,149.156.208.47,GET,http://v-ie.uek.krakow.pl/~s118000/app_dev.php/,1419069125,
0c8c40,149.156.208.47,GET,http://v-ie.uek.krakow.pl/~s118000/app_dev.php/hello/Jasio,1419070293,
ccf22a,149.156.208.47,GET,http://v-ie.uek.krakow.pl/~s118000/app_dev.php/hello/Jasio+chrupek,1419070354,
d2e725,149.156.208.47,GET,http://v-ie.uek.krakow.pl/~s118000/app_dev.php/hello/Jasio,1419070365,
af2ddf,149.156.208.47,GET,http://v-ie.uek.krakow.pl/~s118000/app_dev.php/hello/Muka,1419070448,
a18215,149.156.208.47,GET,http://v-ie.uek.krakow.pl/~s118000/app_dev.php/feeds,1419071974,ea4b62
ea4b62,149.156.208.47,GET,http://v-ie.uek.krakow.pl/~s118000/app_dev.php/feeds,1419071974,
683191,149.156.208.47,GET,http://v-ie.uek.krakow.pl/~s118000/app_dev.php/_wdt/ea4b62,1419071975,bc6853
bc6853,149.156.208.47,GET,http://v-ie.uek.krakow.pl/~s118000/app_dev.php/_wdt/ea4b62,1419071975,
960959,149.156.208.47,GET,http://v-ie.uek.krakow.pl/~s118000/app_dev.php/_profiler/ea4b62,1419071981,645e0e
645e0e,149.156.208.47,GET,http://v-ie.uek.krakow.pl/~s118000/app_dev.php/_profiler/ea4b62,1419071981,
07bafa,149.156.208.47,GET,http://v-ie.uek.krakow.pl/~s118000/app_dev.php/_wdt/645e0e,1419071981,233e1c
233e1c,149.156.208.47,GET,http://v-ie.uek.krakow.pl/~s118000/app_dev.php/_wdt/645e0e,1419071981,
a16e29,149.156.208.47,GET,http://v-ie.uek.krakow.pl/~s118000/app_dev.php/_profiler/645e0e,1419071983,a86773
a86773,149.156.208.47,GET,http://v-ie.uek.krakow.pl/~s118000/app_dev.php/_profiler/645e0e,1419071983,
583f12,149.156.208.47,GET,http://v-ie.uek.krakow.pl/~s118000/app_dev.php/_wdt/a86773,1419071983,aaee41
aaee41,149.156.208.47,GET,http://v-ie.uek.krakow.pl/~s118000/app_dev.php/_wdt/a86773,1419071983,
a0a8f6,149.156.208.47,GET,http://v-ie.uek.krakow.pl/~s118000/app_dev.php/_profiler/a86773,1419071984,5992e1
5992e1,149.156.208.47,GET,http://v-ie.uek.krakow.pl/~s118000/app_dev.php/_profiler/a86773,1419071984,
bef102,149.156.208.47,GET,http://v-ie.uek.krakow.pl/~s118000/app_dev.php/_wdt/5992e1,1419071985,73085f
73085f,149.156.208.47,GET,http://v-ie.uek.krakow.pl/~s118000/app_dev.php/_wdt/5992e1,1419071985,
ac5168,149.156.208.47,GET,http://v-ie.uek.krakow.pl/~s118000/app_dev.php/feed,1419072164,6c4ef9
6c4ef9,149.156.208.47,GET,http://v-ie.uek.krakow.pl/~s118000/app_dev.php/feed,1419072164,
131181,149.156.208.47,GET,http://v-ie.uek.krakow.pl/~s118000/app_dev.php/_wdt/6c4ef9,1419072165,890cbf
890cbf,149.156.208.47,GET,http://v-ie.uek.krakow.pl/~s118000/app_dev.php/_wdt/6c4ef9,1419072165,
5ca255,149.156.208.47,GET,http://v-ie.uek.krakow.pl/~s118000/app_dev.php/feed,1419072214,7b1c04
7b1c04,149.156.208.47,GET,http://v-ie.uek.krakow.pl/~s118000/app_dev.php/feed,1419072214,
1534cd,149.156.208.47,GET,http://v-ie.uek.krakow.pl/~s118000/app_dev.php/feeds,1419072258,f7c153
f7c153,149.156.208.47,GET,http://v-ie.uek.krakow.pl/~s118000/app_dev.php/feeds,1419072258,
f87672,149.156.208.47,GET,http://v-ie.uek.krakow.pl/~s118000/app_dev.php/feeds,1419072348,364140
364140,149.156.208.47,GET,http://v-ie.uek.krakow.pl/~s118000/app_dev.php/feeds,1419072348,
dac9ff,149.156.208.47,GET,http://v-ie.uek.krakow.pl/~s118000/app_dev.php/feeds,1419072353,8caea8
8caea8,149.156.208.47,GET,http://v-ie.uek.krakow.pl/~s118000/app_dev.php/feeds,1419072353,
696acb,149.156.208.47,GET,http://v-ie.uek.krakow.pl/~s118000/app_dev.php/feeds,1419072374,d5983b
d5983b,149.156.208.47,GET,http://v-ie.uek.krakow.pl/~s118000/app_dev.php/feeds,1419072374,
bfe781,149.156.208.47,GET,http://v-ie.uek.krakow.pl/~s118000/app_dev.php/feeds,1419072501,5e8a8a
5e8a8a,149.156.208.47,GET,http://v-ie.uek.krakow.pl/~s118000/app_dev.php/feeds,1419072501,
89f163,149.156.208.47,GET,http://v-ie.uek.krakow.pl/~s118000/app_dev.php/feed,1419072523,9dfc3c
9dfc3c,149.156.208.47,GET,http://v-ie.uek.krakow.pl/~s118000/app_dev.php/feed,1419072523,
80c199,149.156.208.47,GET,http://v-ie.uek.krakow.pl/~s118000/app_dev.php/feeds,1419072530,ff9454
ff9454,149.156.208.47,GET,http://v-ie.uek.krakow.pl/~s118000/app_dev.php/feeds,1419072530,
261129,149.156.208.47,GET,http://v-ie.uek.krakow.pl/~s118000/app_dev.php/feeds,1419072770,
a06e86,149.156.208.47,GET,http://v-ie.uek.krakow.pl/~s118000/app_dev.php/feeds,1419073283,
1df66c,149.156.208.47,GET,http://v-ie.uek.krakow.pl/~s118000/app_dev.php/feeds,1419074142,
03358a,149.156.208.47,GET,http://v-ie.uek.krakow.pl/~s118000/app_dev.php/feeds,1419074250,
d3bcc9,149.156.208.47,GET,http://v-ie.uek.krakow.pl/~s118000/app_dev.php/feeds,1419074305,
03b90d,149.156.208.47,GET,http://v-ie.uek.krakow.pl/~s118000/app_dev.php/feeds,1419075312,d7f60b
d7f60b,149.156.208.47,GET,http://v-ie.uek.krakow.pl/~s118000/app_dev.php/feeds,1419075312,
c3d491,149.156.208.47,GET,http://v-ie.uek.krakow.pl/~s118000/app_dev.php/feeds,1419075331,
85e191,149.156.208.47,GET,http://v-ie.uek.krakow.pl/~s118000/app_dev.php/aboutme,1419075510,51ff63
51ff63,149.156.208.47,GET,http://v-ie.uek.krakow.pl/~s118000/app_dev.php/aboutme,1419075510,
f40458,149.156.208.47,GET,http://v-ie.uek.krakow.pl/~s118000/app_dev.php/aboutme,1419075715,c0c544
c0c544,149.156.208.47,GET,http://v-ie.uek.krakow.pl/~s118000/app_dev.php/aboutme,1419075715,
898fd1,149.156.208.47,GET,http://v-ie.uek.krakow.pl/~s118000/app_dev.php/aboutme,1419075782,97f354
97f354,149.156.208.47,GET,http://v-ie.uek.krakow.pl/~s118000/app_dev.php/aboutme,1419075782,
80bed2,149.156.208.47,GET,http://v-ie.uek.krakow.pl/~s118000/app_dev.php/aboutme,1419075832,55ba33
55ba33,149.156.208.47,GET,http://v-ie.uek.krakow.pl/~s118000/app_dev.php/aboutme,1419075832,
f17a2c,149.156.208.47,GET,http://v-ie.uek.krakow.pl/~s118000/app_dev.php/aboutme,1419075900,1f2b2c
1f2b2c,149.156.208.47,GET,http://v-ie.uek.krakow.pl/~s118000/app_dev.php/aboutme,1419075900,
ccec20,149.156.208.47,GET,http://v-ie.uek.krakow.pl/~s118000/app_dev.php/aboutme,1419075932,10433c
10433c,149.156.208.47,GET,http://v-ie.uek.krakow.pl/~s118000/app_dev.php/aboutme,1419075932,
d45be7,149.156.208.47,GET,http://v-ie.uek.krakow.pl/~s118000/app_dev.php/aboutme,1419075938,294795
294795,149.156.208.47,GET,http://v-ie.uek.krakow.pl/~s118000/app_dev.php/aboutme,1419075938,
58b756,149.156.208.47,GET,http://v-ie.uek.krakow.pl/~s118000/app_dev.php/feeds,1421434327,
f2effa,149.156.208.47,GET,http://v-ie.uek.krakow.pl/~s118000/app_dev.php/feeds,1421434576,02976f
02976f,149.156.208.47,GET,http://v-ie.uek.krakow.pl/~s118000/app_dev.php/feeds,1421434576,
59d84b,149.156.208.47,GET,http://v-ie.uek.krakow.pl/~s118000/app_dev.php/feeds,1421434639,0ccd13
0ccd13,149.156.208.47,GET,http://v-ie.uek.krakow.pl/~s118000/app_dev.php/feeds,1421434639,
e04c29,149.156.208.47,GET,http://v-ie.uek.krakow.pl/~s118000/app_dev.php/feeds,1421434646,cc79ab
cc79ab,149.156.208.47,GET,http://v-ie.uek.krakow.pl/~s118000/app_dev.php/feeds,1421434646,
17839a,149.156.208.47,GET,http://v-ie.uek.krakow.pl/~s118000/app_dev.php/feeds,1421434670,
cafa15,149.156.208.47,GET,http://v-ie.uek.krakow.pl/~s118000/app_dev.php/feeds,1421434735,
bbac44,149.156.208.47,GET,http://v-ie.uek.krakow.pl/~s118000/app_dev.php/feeds,1421434897,
43831b,149.156.208.47,GET,http://v-ie.uek.krakow.pl/~s118000/app_dev.php/feeds,1421434946,
9c40f9,149.156.208.47,GET,http://v-ie.uek.krakow.pl/~s118000/app_dev.php/feeds,1421435017,
532a57,149.156.208.47,GET,http://v-ie.uek.krakow.pl/~s118000/app_dev.php/create/feeds,1421435159,d8f2ef
d8f2ef,149.156.208.47,GET,http://v-ie.uek.krakow.pl/~s118000/app_dev.php/create/feeds,1421435159,
4f1edf,149.156.208.47,GET,http://v-ie.uek.krakow.pl/~s118000/app_dev.php/feeds/create,1421435197,ec2d05
ec2d05,149.156.208.47,GET,http://v-ie.uek.krakow.pl/~s118000/app_dev.php/feeds/create,1421435197,
44f42c,149.156.208.47,GET,http://v-ie.uek.krakow.pl/~s118000/app_dev.php/feeds/create,1421435247,25f5cc
25f5cc,149.156.208.47,GET,http://v-ie.uek.krakow.pl/~s118000/app_dev.php/feeds/create,1421435247,
